"","hops","value.HR@5","value.HR@10","value.NDCG@5","value.NDCG@10"
"1",1,0.522267,0.611276,0.428255,0.457013
"2",2,0.544998,0.638694,0.434055,0.464413
